<?xml version='1.0' encoding='UTF-8'?>
<?artifactRepository version='1.1.0'?>
<repository name='Bundle pool' type='org.eclipse.equinox.p2.artifact.repository.simpleRepository' version='1.0.0'>
  <properties size='2'>
    <property name='p2.system' value='true'/>
    <property name='p2.timestamp' value='1446289854966'/>
  </properties>
  <mappings size='3'>
    <rule filter='(&amp; (classifier=osgi.bundle))' output='${repoUrl}/plugins/${id}_${version}.jar'/>
    <rule filter='(&amp; (classifier=binary))' output='${repoUrl}/binary/${id}_${version}'/>
    <rule filter='(&amp; (classifier=org.eclipse.update.feature))' output='${repoUrl}/features/${id}_${version}.jar'/>
  </mappings>
  <artifacts size='53'>
    <artifact classifier='osgi.bundle' id='io.netty.codec-http' version='4.0.30.Final'>
      <properties size='1'>
        <property name='download.size' value='439893'/>
      </properties>
    </artifact>
    <artifact classifier='osgi.bundle' id='org.wso2.carbon.core' version='5.0.0.alpha'>
      <properties size='1'>
        <property name='download.size' value='82099'/>
      </properties>
    </artifact>
    <artifact classifier='osgi.bundle' id='org.eclipse.equinox.simpleconfigurator.manipulator' version='2.0.0.v20131217-1203'>
      <properties size='1'>
        <property name='download.size' value='25460'/>
      </properties>
    </artifact>
    <artifact classifier='osgi.bundle' id='org.sat4j.pb' version='2.3.5.v201404071733'>
      <properties size='1'>
        <property name='download.size' value='241956'/>
      </properties>
    </artifact>
    <artifact classifier='osgi.bundle' id='io.netty.codec' version='4.0.30.Final'>
      <properties size='1'>
        <property name='download.size' value='145296'/>
      </properties>
    </artifact>
    <artifact classifier='osgi.bundle' id='org.eclipse.equinox.app' version='1.3.200.v20130910-1609'>
      <properties size='1'>
        <property name='download.size' value='86047'/>
      </properties>
    </artifact>
    <artifact classifier='osgi.bundle' id='org.eclipse.osgi.services' version='3.4.0.v20140312-2051'>
      <properties size='1'>
        <property name='download.size' value='90380'/>
      </properties>
    </artifact>
    <artifact classifier='osgi.bundle' id='org.sat4j.core' version='2.3.5.v201308161310'>
      <properties size='1'>
        <property name='download.size' value='362968'/>
      </properties>
    </artifact>
    <artifact classifier='osgi.bundle' id='org.apache.felix.gogo.command' version='0.10.0.v201209301215'>
      <properties size='1'>
        <property name='download.size' value='57646'/>
      </properties>
    </artifact>
    <artifact classifier='osgi.bundle' id='org.eclipse.equinox.simpleconfigurator' version='1.1.0.v20131217-1203'>
      <properties size='1'>
        <property name='download.size' value='43207'/>
      </properties>
    </artifact>
    <artifact classifier='osgi.bundle' id='commons-pool' version='1.5.6.wso2v1'>
      <properties size='1'>
        <property name='download.size' value='95794'/>
      </properties>
    </artifact>
    <artifact classifier='osgi.bundle' id='spring.framework' version='4.1.6.wso2v1'>
      <properties size='1'>
        <property name='download.size' value='3625749'/>
      </properties>
    </artifact>
    <artifact classifier='osgi.bundle' id='org.eclipse.equinox.console' version='1.1.0.v20140131-1639'>
      <properties size='1'>
        <property name='download.size' value='118444'/>
      </properties>
    </artifact>
    <artifact classifier='osgi.bundle' id='org.eclipse.equinox.frameworkadmin' version='2.0.100.v20131209-2144'>
      <properties size='1'>
        <property name='download.size' value='36337'/>
      </properties>
    </artifact>
    <artifact classifier='osgi.bundle' id='io.netty.handler' version='4.0.30.Final'>
      <properties size='1'>
        <property name='download.size' value='249256'/>
      </properties>
    </artifact>
    <artifact classifier='osgi.bundle' id='org.ops4j.pax.logging.pax-logging-api' version='1.8.4'>
      <properties size='1'>
        <property name='download.size' value='108836'/>
      </properties>
    </artifact>
    <artifact classifier='osgi.bundle' id='org.eclipse.ecf' version='3.4.0.v20141221-2352'>
      <properties size='1'>
        <property name='download.size' value='103296'/>
      </properties>
    </artifact>
    <artifact classifier='org.eclipse.update.feature' id='org.wso2.carbon.gateway' version='1.0.0.SNAPSHOT'>
      <properties size='1'>
        <property name='download.size' value='10603'/>
      </properties>
      <repositoryProperties size='1'>
        <property name='artifact.folder' value='true'/>
      </repositoryProperties>
    </artifact>
    <artifact classifier='osgi.bundle' id='slf4j.api' version='1.7.5'>
      <properties size='1'>
        <property name='download.size' value='26084'/>
      </properties>
    </artifact>
    <artifact classifier='osgi.bundle' id='org.eclipse.ecf.identity' version='3.4.0.v20141221-2352'>
      <properties size='1'>
        <property name='download.size' value='60443'/>
      </properties>
    </artifact>
    <artifact classifier='osgi.bundle' id='org.eclipse.equinox.launcher' version='1.3.0.v20140415-2008'>
      <properties size='1'>
        <property name='download.size' value='50038'/>
      </properties>
    </artifact>
    <artifact classifier='osgi.bundle' id='org.eclipse.core.expressions' version='3.4.600.v20140128-0851'>
      <properties size='1'>
        <property name='download.size' value='88554'/>
      </properties>
    </artifact>
    <artifact classifier='osgi.bundle' id='org.eclipse.equinox.cm' version='1.1.0.v20131021-1936'>
      <properties size='1'>
        <property name='download.size' value='72739'/>
      </properties>
    </artifact>
    <artifact classifier='osgi.bundle' id='io.netty.common' version='4.0.30.Final'>
      <properties size='1'>
        <property name='download.size' value='437048'/>
      </properties>
    </artifact>
    <artifact classifier='osgi.bundle' id='org.apache.camel.camel-core' version='2.15.2'>
      <properties size='1'>
        <property name='download.size' value='3133801'/>
      </properties>
    </artifact>
    <artifact classifier='org.eclipse.update.feature' id='org.wso2.carbon.core.runtime' version='5.0.0.alpha'>
      <properties size='1'>
        <property name='download.size' value='11006'/>
      </properties>
      <repositoryProperties size='1'>
        <property name='artifact.folder' value='true'/>
      </repositoryProperties>
    </artifact>
    <artifact classifier='osgi.bundle' id='org.eclipse.equinox.security' version='1.2.0.v20130424-1801'>
      <properties size='1'>
        <property name='download.size' value='106935'/>
      </properties>
    </artifact>
    <artifact classifier='osgi.bundle' id='org.eclipse.equinox.ds' version='1.4.200.v20131126-2331'>
      <properties size='1'>
        <property name='download.size' value='194460'/>
      </properties>
    </artifact>
    <artifact classifier='osgi.bundle' id='org.eclipse.equinox.concurrent' version='1.1.0.v20130327-1442'>
      <properties size='1'>
        <property name='download.size' value='25385'/>
      </properties>
    </artifact>
    <artifact classifier='osgi.bundle' id='org.eclipse.osgi' version='3.10.2.v20150203-1939'>
      <properties size='1'>
        <property name='download.size' value='1263501'/>
      </properties>
    </artifact>
    <artifact classifier='osgi.bundle' id='io.netty.buffer' version='4.0.30.Final'>
      <properties size='1'>
        <property name='download.size' value='189595'/>
      </properties>
    </artifact>
    <artifact classifier='osgi.bundle' id='org.wso2.carbon.gateway' version='1.0.0.SNAPSHOT'>
      <properties size='1'>
        <property name='download.size' value='131522'/>
      </properties>
    </artifact>
    <artifact classifier='osgi.bundle' id='slf4j.log4j12' version='1.7.5'>
      <properties size='1'>
        <property name='download.size' value='8869'/>
      </properties>
    </artifact>
    <artifact classifier='osgi.bundle' id='org.apache.felix.gogo.runtime' version='0.10.0.v201209301036'>
      <properties size='1'>
        <property name='download.size' value='80249'/>
      </properties>
    </artifact>
    <artifact classifier='org.eclipse.update.feature' id='org.wso2.carbon.core.server' version='5.0.0.alpha'>
      <properties size='1'>
        <property name='download.size' value='9345'/>
      </properties>
      <repositoryProperties size='1'>
        <property name='artifact.folder' value='true'/>
      </repositoryProperties>
    </artifact>
    <artifact classifier='osgi.bundle' id='org.eclipse.core.contenttype' version='3.4.200.v20140207-1251'>
      <properties size='1'>
        <property name='download.size' value='93804'/>
      </properties>
    </artifact>
    <artifact classifier='osgi.bundle' id='org.eclipse.ecf.provider.filetransfer' version='3.2.200.v20141221-2352'>
      <properties size='1'>
        <property name='download.size' value='127888'/>
      </properties>
    </artifact>
    <artifact classifier='osgi.bundle' id='io.netty.transport' version='4.0.30.Final'>
      <properties size='1'>
        <property name='download.size' value='343331'/>
      </properties>
    </artifact>
    <artifact classifier='osgi.bundle' id='org.eclipse.equinox.registry' version='3.5.400.v20140428-1507'>
      <properties size='1'>
        <property name='download.size' value='183277'/>
      </properties>
    </artifact>
    <artifact classifier='osgi.bundle' id='org.ops4j.pax.logging.pax-logging-log4j2' version='1.8.4'>
      <properties size='1'>
        <property name='download.size' value='947028'/>
      </properties>
    </artifact>
    <artifact classifier='osgi.bundle' id='org.wso2.carbon.transport.http.netty' version='1.0.0.alpha'>
      <properties size='1'>
        <property name='download.size' value='38894'/>
      </properties>
    </artifact>
    <artifact classifier='osgi.bundle' id='org.eclipse.core.jobs' version='3.6.1.v20141014-1248'>
      <properties size='1'>
        <property name='download.size' value='97342'/>
      </properties>
    </artifact>
    <artifact classifier='osgi.bundle' id='org.eclipse.ecf.filetransfer' version='5.0.0.v20141221-2352'>
      <properties size='1'>
        <property name='download.size' value='51731'/>
      </properties>
    </artifact>
    <artifact classifier='osgi.bundle' id='org.eclipse.equinox.frameworkadmin.equinox' version='1.0.500.v20131211-1531'>
      <properties size='1'>
        <property name='download.size' value='63501'/>
      </properties>
    </artifact>
    <artifact classifier='osgi.bundle' id='org.apache.camel.camel-spring' version='2.15.2'>
      <properties size='1'>
        <property name='download.size' value='304124'/>
      </properties>
    </artifact>
    <artifact classifier='osgi.bundle' id='org.apache.felix.gogo.shell' version='0.10.0.v201212101605'>
      <properties size='1'>
        <property name='download.size' value='60827'/>
      </properties>
    </artifact>
    <artifact classifier='osgi.bundle' id='org.eclipse.core.runtime' version='3.10.0.v20140318-2214'>
      <properties size='1'>
        <property name='download.size' value='75007'/>
      </properties>
    </artifact>
    <artifact classifier='osgi.bundle' id='org.eclipse.equinox.common' version='3.6.200.v20130402-1505'>
      <properties size='1'>
        <property name='download.size' value='106521'/>
      </properties>
    </artifact>
    <artifact classifier='osgi.bundle' id='org.eclipse.equinox.preferences' version='3.5.200.v20140224-1527'>
      <properties size='1'>
        <property name='download.size' value='126927'/>
      </properties>
    </artifact>
    <artifact classifier='osgi.bundle' id='org.eclipse.equinox.launcher.gtk.linux.x86' version='1.1.200.v20150204-1316'>
      <properties size='1'>
        <property name='download.size' value='76798'/>
      </properties>
      <repositoryProperties size='1'>
        <property name='artifact.folder' value='true'/>
      </repositoryProperties>
    </artifact>
    <artifact classifier='osgi.bundle' id='org.eclipse.equinox.util' version='1.0.500.v20130404-1337'>
      <properties size='1'>
        <property name='download.size' value='77626'/>
      </properties>
    </artifact>
    <artifact classifier='osgi.bundle' id='disruptor' version='3.3.2.wso2v2'>
      <properties size='1'>
        <property name='download.size' value='83066'/>
      </properties>
    </artifact>
    <artifact classifier='osgi.bundle' id='org.eclipse.osgi.compatibility.state' version='1.0.1.v20140709-1414'>
      <properties size='1'>
        <property name='download.size' value='241933'/>
      </properties>
    </artifact>
  </artifacts>
</repository>
