<!--
  ~ /*
  ~ * Copyright (c) 2015, WSO2 Inc. (http://www.wso2.org) All Rights Reserved.
  ~ *
  ~ * Licensed under the Apache License, Version 2.0 (the "License");
  ~ * you may not use this file except in compliance with the License.
  ~ * You may obtain a copy of the License at
  ~ *
  ~ * http://www.apache.org/licenses/LICENSE-2.0
  ~ *
  ~ * Unless required by applicable law or agreed to in writing, software
  ~ * distributed under the License is distributed on an "AS IS" BASIS,
  ~ * WITHOUT WARRANTIES OR CONDITIONS OF ANY KIND, either express or implied.
  ~ * See the License for the specific language governing permissions and
  ~ * limitations under the License.
  ~ */
  -->

<transports xmlns:xsi="http://www.w3.org/2001/XMLSchema-instance"
            xsi:schemaLocation="http://wso2.com/schema/netty-transports/config netty-transports.xsd"
            xmlns="http://wso2.com/schema/netty-transports/config">
    <listeners>

        <listener
                id="netty-gw"
                host="0.0.0.0"
                port="9090"
                bossThreadPoolSize="4"
                workerThreadPoolSize="8"
                execHandlerThreadPoolSize="60">
            <parameters>
                <parameter name="disruptor.wait.strategy">BUSY_SPIN</parameter>
                <parameter name="disruptor.buffer.size">1024</parameter>
                <parameter name="disruptor.count">1</parameter>
                <parameter name="disruptor.eventhandler.count">1</parameter>
            </parameters>
        </listener>

<!--        <listener
                id="netty-gw-https"
                host="0.0.0.0"
                port="9292"
                bossThreadPoolSize="4"
                workerThreadPoolSize="8"
                execHandlerThreadPoolSize="60"
                scheme="https"
                keyStoreFile="repository/resources/security/wso2carbon.jks"
                keyStorePass="wso2carbon"
                certPass="wso2carbon">
            <parameters>
                <parameter name="disruptor.wait.strategy">BUSY_SPIN</parameter>
                <parameter name="disruptor.buffer.size">1024</parameter>
                <parameter name="disruptor.count">1</parameter>
                <parameter name="disruptor.eventhandler.count">1</parameter>
            </parameters>
        </listener>-->
    </listeners>

    <senders>
        <sender
                id="netty-gw"
                queueSize="32244"/>
    </senders>
</transports>