<!--
  ~ /*
  ~ * Copyright (c) 2015, WSO2 Inc. (http://www.wso2.org) All Rights Reserved.
  ~ *
  ~ * Licensed under the Apache License, Version 2.0 (the "License");
  ~ * you may not use this file except in compliance with the License.
  ~ * You may obtain a copy of the License at
  ~ *
  ~ * http://www.apache.org/licenses/LICENSE-2.0
  ~ *
  ~ * Unless required by applicable law or agreed to in writing, software
  ~ * distributed under the License is distributed on an "AS IS" BASIS,
  ~ * WITHOUT WARRANTIES OR CONDITIONS OF ANY KIND, either express or implied.
  ~ * See the License for the specific language governing permissions and
  ~ * limitations under the License.
  ~ */
  -->

<beans xmlns="http://www.springframework.org/schema/beans"
       xmlns:xsi="http://www.w3.org/2001/XMLSchema-instance"
       xsi:schemaLocation=" http://www.springframework.org/schema/beans
classpath:org/springframework/beans/factory/xml/spring-beans-4.1.xsd
http://camel.apache.org/schema/spring
classpath:org/wso2/carbon/gateway/xml/camel-spring.xsd">

    <bean id="wso2-gw"
          class="org.wso2.carbon.gateway.internal.mediation.camel.CamelMediationComponent"/>

    <camelContext id="wso2-cc" xmlns="http://camel.apache.org/schema/spring">

        <restConfiguration bindingMode="auto" component="wso2-gw" scheme="http" port="9090"/>

        <!--sample rest interfaces -->
        <rest path="/gw">
            <get uri="/news">
                <to uri="direct:getNews"/>
            </get>
            <get uri="/news/{id}">
                <to uri="direct:getNewsById"/>
            </get>
        </rest>

        <!-- sample routes corresponding to the rest interfaces -->
        <route>
            <from uri="direct:getNews"/>
            <to uri="wso2-gw:http://jsonplaceholder.typicode.com/posts"/>
        </route>
        <route>
            <from uri="direct:getNewsById"/>
            <recipientList>
                <simple>wso2-gw:http://jsonplaceholder.typicode.com/posts/${header.id}</simple>
            </recipientList>
        </route>

        <!-- sample routes based on http header (custom header routeId)-->
        <route id="http-routes">
            <from uri="wso2-gw:/default"/>
            <choice>
                <when>
                    <simple>${header.routeId} regex 'r1'</simple>
                    <to uri="wso2-gw:http://localhost:9000/services/SimpleStockQuoteService"/>
                </when>
                <when>
                    <simple>${header.routeId} regex 'r2'</simple>
                    <to uri="wso2-gw:http://localhost:9002/service/SimpleStockQuoteService"/>
                </when>
                <otherwise>
                    <to uri="wso2-gw:http://localhost:9004/SimpleStockQuoteService"/>
                </otherwise>
            </choice>
        </route>

    </camelContext>

</beans>
