<?xml version="1.0" encoding="UTF-8"?>
<config date="1446289855157" transient="false">
	<site updateable="true" url="platform:/base/" enabled="true" policy="USER-EXCLUDE">
		<feature id="org.wso2.carbon.gateway" version="1.0.0.SNAPSHOT" url="features/org.wso2.carbon.gateway_1.0.0.SNAPSHOT/">
		</feature>
		<feature id="org.wso2.carbon.core.runtime" version="5.0.0.alpha" url="features/org.wso2.carbon.core.runtime_5.0.0.alpha/">
		</feature>
		<feature id="org.wso2.carbon.core.server" version="5.0.0.alpha" url="features/org.wso2.carbon.core.server_5.0.0.alpha/">
		</feature>
	</site>
</config>
